"ExperimentNumber","Trial","ChoseSugar","ChoseWater","nHits","cumulativeHitsAtTrialStart","CorrectSide","PositionSet","Euclid","dtStart","dtEnd","trialDuration","cumulativeDurationAtTrialStart","stoppingCondition","ExperimentDisplayName","experimentClass","axisID"
1,1,13,14,27,0,1,1,1.01313379376811,2017-06-13 16:24:00,2017-06-13 16:35:00,11,0,0,"Green v Red","spectral",NA
1,2,12,14,26,27,-1,1,1.01313379376811,2017-06-13 16:35:00,2017-06-13 17:01:00,26,11,0,"Green v Red","spectral",NA
1,3,15,10,25,53,1,2,1.01313379376811,2017-06-13 17:01:00,2017-06-13 17:19:00,18,37,0,"Green v Red","spectral",NA
1,4,17,8,25,78,-1,2,1.01313379376811,2017-06-13 17:19:00,2017-06-13 17:40:00,21,55,0,"Green v Red","spectral",NA
1,5,16,9,25,103,1,3,1.01313379376811,2017-06-13 17:40:00,2017-06-13 17:55:00,15,76,0,"Green v Red","spectral",NA
1,6,13,12,25,128,-1,3,1.01313379376811,2017-06-13 17:55:00,2017-06-13 18:28:00,33,91,0,"Green v Red","spectral",NA
1,7,17,8,25,153,1,4,1.01313379376811,2017-06-13 18:28:00,2017-06-13 18:45:00,17,124,0,"Green v Red","spectral",NA
1,8,15,10,25,178,-1,4,1.01313379376811,2017-06-13 18:45:00,2017-06-13 18:57:00,12,141,0,"Green v Red","spectral",NA
1,9,15,10,25,203,1,5,1.01313379376811,2017-06-13 18:57:00,2017-06-13 19:09:00,12,153,0,"Green v Red","spectral",NA
1,10,16,9,25,228,-1,5,1.01313379376811,2017-06-13 19:09:00,2017-06-13 19:27:00,18,165,0,"Green v Red","spectral",NA
1,11,18,7,25,253,1,6,1.01313379376811,2017-06-13 19:27:00,2017-06-13 19:45:00,18,183,0,"Green v Red","spectral",NA
1,12,12,14,26,278,-1,6,1.01313379376811,2017-06-13 19:45:00,2017-06-13 19:55:00,10,201,0,"Green v Red","spectral",NA
2,1,16,9,25,0,1,1,1.01464961398257,2017-06-14 08:36:00,2017-06-14 08:53:00,17,0,0,"Red v Green","spectral",NA
2,2,10,15,25,25,-1,1,1.01464961398257,2017-06-14 08:54:00,2017-06-14 09:16:00,22,17,0,"Red v Green","spectral",NA
2,3,18,7,25,50,1,2,1.01464961398257,2017-06-14 09:17:00,2017-06-14 09:39:00,22,39,0,"Red v Green","spectral",NA
2,4,14,11,25,75,-1,2,1.01464961398257,2017-06-14 09:41:00,2017-06-14 09:59:00,18,61,0,"Red v Green","spectral",NA
2,5,16,9,25,100,1,3,1.01464961398257,2017-06-14 10:00:00,2017-06-14 10:24:00,24,79,0,"Red v Green","spectral",NA
2,6,15,10,25,125,-1,3,1.01464961398257,2017-06-14 10:25:00,2017-06-14 10:39:00,14,103,0,"Red v Green","spectral",NA
2,7,19,6,25,150,1,4,1.01464961398257,2017-06-14 10:40:00,2017-06-14 11:02:00,22,117,0,"Red v Green","spectral",NA
2,8,15,10,25,175,-1,4,1.01464961398257,2017-06-14 11:07:00,2017-06-14 11:27:00,20,139,0,"Red v Green","spectral",NA
2,9,17,8,25,200,1,5,1.01464961398257,2017-06-14 11:28:00,2017-06-14 11:47:00,19,159,0,"Red v Green","spectral",NA
2,10,13,12,25,225,-1,5,1.01464961398257,2017-06-14 11:52:00,2017-06-14 12:11:00,19,178,0,"Red v Green","spectral",NA
2,11,18,7,25,250,1,6,1.01464961398257,2017-06-14 13:55:00,2017-06-14 14:18:00,23,197,0,"Red v Green","spectral",NA
2,12,15,10,25,275,-1,6,1.01464961398257,2017-06-14 14:19:00,2017-06-14 14:40:00,21,220,0,"Red v Green","spectral",NA
3,1,14,11,25,0,1,1,0.00707022492675299,2017-06-13 10:17:00,2017-06-13 10:26:00,9,0,0,"Null: Green v Green 1","null",1
3,2,12,13,25,25,-1,1,0.00707022492675299,2017-06-13 10:26:00,2017-06-13 10:36:00,10,9,0,"Null: Green v Green 1","null",1
3,3,15,10,25,50,1,2,0.00707022492675299,2017-06-13 10:36:00,2017-06-13 10:46:00,10,19,0,"Null: Green v Green 1","null",1
3,4,10,15,25,75,-1,2,0.00707022492675299,2017-06-13 10:46:00,2017-06-13 11:00:00,14,29,0,"Null: Green v Green 1","null",1
3,5,12,13,25,100,1,3,0.00707022492675299,2017-06-13 11:00:00,2017-06-13 11:12:00,12,43,0,"Null: Green v Green 1","null",1
3,6,8,17,25,125,-1,3,0.00707022492675299,2017-06-13 11:12:00,2017-06-13 11:34:00,22,55,0,"Null: Green v Green 1","null",1
3,7,15,10,25,150,1,4,0.00707022492675299,2017-06-13 11:34:00,2017-06-13 11:47:00,13,77,0,"Null: Green v Green 1","null",1
3,8,12,13,25,175,-1,4,0.00707022492675299,2017-06-13 11:47:00,NA,10,90,0,"Null: Green v Green 1","null",1
3,9,9,16,25,200,-1,5,0.00707022492675299,2017-06-13 13:42:00,2017-06-13 13:50:00,8,100,0,"Null: Green v Green 1","null",1
3,10,10,15,25,225,1,6,0.00707022492675299,2017-06-13 13:50:00,2017-06-13 13:58:00,8,108,0,"Null: Green v Green 1","null",1
3,11,16,9,25,250,-1,6,0.00707022492675299,2017-06-13 13:58:00,2017-06-13 14:07:00,9,116,0,"Null: Green v Green 1","null",1
3,12,12,13,25,275,1,5,0.00707022492675299,2017-06-13 14:07:00,2017-06-13 14:14:00,7,125,0,"Null: Green v Green 1","null",1
4,1,4,0,4,0,1,1,0.00800186564457549,2018-06-14 06:15:00,2018-06-14 06:30:00,15,0,1,"Null: Green v Green 2","null",1
4,2,3,4,7,4,-1,1,0.00800186564457549,2018-06-14 06:30:00,2018-06-14 06:45:00,15,15,1,"Null: Green v Green 2","null",1
4,3,2,1,3,11,1,2,0.00800186564457549,2018-06-14 06:45:00,2018-06-14 07:00:00,15,30,1,"Null: Green v Green 2","null",1
4,4,1,3,4,14,-1,2,0.00800186564457549,2018-06-14 07:00:00,2018-06-14 07:15:00,15,45,1,"Null: Green v Green 2","null",1
4,5,2,1,3,18,1,3,0.00800186564457549,2018-06-14 07:15:00,2018-06-14 07:30:00,15,60,1,"Null: Green v Green 2","null",1
4,6,0,1,1,21,-1,3,0.00800186564457549,2018-06-14 07:30:00,2018-06-14 07:45:00,15,75,1,"Null: Green v Green 2","null",1
4,7,3,0,3,22,1,4,0.00800186564457549,2018-06-14 07:45:00,2018-06-14 08:00:00,15,90,1,"Null: Green v Green 2","null",1
4,8,3,1,4,25,-1,4,0.00800186564457549,2018-06-14 08:00:00,2018-06-14 08:15:00,15,105,1,"Null: Green v Green 2","null",1
4,9,1,1,2,29,1,5,0.00800186564457549,2018-06-14 08:15:00,2018-06-14 08:30:00,15,120,1,"Null: Green v Green 2","null",1
4,10,0,3,3,31,-1,5,0.00800186564457549,2018-06-14 08:30:00,2018-06-14 08:45:00,15,135,1,"Null: Green v Green 2","null",1
4,11,2,2,4,34,1,6,0.00800186564457549,2018-06-14 08:45:00,2018-06-14 09:00:00,15,150,1,"Null: Green v Green 2","null",1
4,12,0,1,1,38,-1,6,0.00800186564457549,2018-06-14 09:00:00,2018-06-14 09:15:00,15,165,1,"Null: Green v Green 2","null",1
4,13,3,0,3,39,1,7,0.00800186564457549,2018-06-14 09:15:00,2018-06-14 09:30:00,15,180,1,"Null: Green v Green 2","null",1
4,14,1,3,4,42,-1,7,0.00800186564457549,2018-06-14 09:30:00,2018-06-14 09:45:00,15,195,1,"Null: Green v Green 2","null",1
4,15,3,1,4,46,1,8,0.00800186564457549,2018-06-14 09:45:00,2018-06-14 10:00:00,15,210,1,"Null: Green v Green 2","null",1
4,16,0,4,4,50,-1,8,0.00800186564457549,2018-06-14 10:00:00,2018-06-14 10:15:00,15,225,1,"Null: Green v Green 2","null",1
4,17,2,1,3,54,1,9,0.00800186564457549,2018-06-14 10:15:00,2018-06-14 10:30:00,15,240,1,"Null: Green v Green 2","null",1
4,18,1,2,3,57,-1,9,0.00800186564457549,2018-06-14 10:30:00,2018-06-14 10:45:00,15,255,1,"Null: Green v Green 2","null",1
4,19,2,4,6,60,1,10,0.00800186564457549,2018-06-14 10:45:00,2018-06-14 11:00:00,15,270,1,"Null: Green v Green 2","null",1
4,20,0,1,1,66,-1,10,0.00800186564457549,2018-06-14 11:00:00,2018-06-14 11:15:00,15,285,1,"Null: Green v Green 2","null",1
4,21,3,2,5,67,1,11,0.00800186564457549,2018-06-14 11:15:00,2018-06-14 11:30:00,15,300,1,"Null: Green v Green 2","null",1
4,22,2,2,4,72,-1,11,0.00800186564457549,2018-06-14 11:30:00,2018-06-14 11:45:00,15,315,1,"Null: Green v Green 2","null",1
4,23,1,0,1,76,1,12,0.00800186564457549,2018-06-14 11:45:00,2018-06-14 12:00:00,15,330,1,"Null: Green v Green 2","null",1
4,24,1,0,1,77,-1,12,0.00800186564457549,2018-06-14 12:00:00,2018-06-14 12:15:00,15,345,1,"Null: Green v Green 2","null",1
4,25,2,1,3,78,1,13,0.00800186564457549,2018-06-14 12:15:00,2018-06-14 12:30:00,15,360,1,"Null: Green v Green 2","null",1
4,26,0,2,2,81,-1,13,0.00800186564457549,2018-06-14 12:30:00,2018-06-14 12:45:00,15,375,1,"Null: Green v Green 2","null",1
4,27,1,3,4,83,1,14,0.00800186564457549,2018-06-14 12:45:00,2018-06-14 13:00:00,15,390,1,"Null: Green v Green 2","null",1
4,28,1,0,1,87,-1,14,0.00800186564457549,2018-06-14 13:00:00,2018-06-14 13:15:00,15,405,1,"Null: Green v Green 2","null",1
4,29,2,0,2,88,1,15,0.00800186564457549,2018-06-14 13:15:00,2018-06-14 13:30:00,15,420,1,"Null: Green v Green 2","null",1
4,30,2,2,4,90,-1,15,0.00800186564457549,2018-06-14 13:30:00,2018-06-14 13:45:00,15,435,1,"Null: Green v Green 2","null",1
4,31,0,1,1,94,1,16,0.00800186564457549,2018-06-14 13:45:00,2018-06-14 14:00:00,15,450,1,"Null: Green v Green 2","null",1
4,32,1,2,3,95,-1,16,0.00800186564457549,2018-06-14 14:00:00,2018-06-14 14:15:00,15,465,1,"Null: Green v Green 2","null",1
4,33,2,0,2,98,1,17,0.00800186564457549,2018-06-14 14:15:00,2018-06-14 14:30:00,15,480,1,"Null: Green v Green 2","null",1
4,34,2,2,4,100,-1,17,0.00800186564457549,2018-06-14 14:30:00,2018-06-14 14:45:00,15,495,1,"Null: Green v Green 2","null",1
4,35,0,1,1,104,1,18,0.00800186564457549,2018-06-14 14:45:00,2018-06-14 15:00:00,15,510,1,"Null: Green v Green 2","null",1
4,36,1,3,4,105,-1,18,0.00800186564457549,2018-06-14 15:00:00,2018-06-14 15:15:00,15,525,1,"Null: Green v Green 2","null",1
4,37,1,1,2,109,1,19,0.00800186564457549,2018-06-14 15:15:00,2018-06-14 15:30:00,15,540,1,"Null: Green v Green 2","null",1
4,38,1,1,2,111,-1,19,0.00800186564457549,2018-06-14 15:30:00,2018-06-14 15:45:00,15,555,1,"Null: Green v Green 2","null",1
4,39,3,2,5,113,1,20,0.00800186564457549,2018-06-14 15:45:00,2018-06-14 16:00:00,15,570,1,"Null: Green v Green 2","null",1
4,40,1,3,4,118,-1,20,0.00800186564457549,2018-06-14 16:00:00,2018-06-14 16:15:00,15,585,1,"Null: Green v Green 2","null",1
4,41,3,2,5,122,1,21,0.00800186564457549,2018-06-14 16:15:00,2018-06-14 16:30:00,15,600,1,"Null: Green v Green 2","null",1
4,42,1,3,4,127,-1,21,0.00800186564457549,2018-06-14 16:30:00,2018-06-14 16:45:00,15,615,1,"Null: Green v Green 2","null",1
4,43,2,0,2,131,1,22,0.00800186564457549,2018-06-14 16:45:00,2018-06-14 17:00:00,15,630,1,"Null: Green v Green 2","null",1
4,44,2,1,3,133,-1,22,0.00800186564457549,2018-06-14 17:00:00,2018-06-14 17:15:00,15,645,1,"Null: Green v Green 2","null",1
4,45,3,1,4,136,1,23,0.00800186564457549,2018-06-14 17:15:00,2018-06-14 17:30:00,15,660,1,"Null: Green v Green 2","null",1
4,46,2,3,5,140,-1,23,0.00800186564457549,2018-06-14 17:30:00,2018-06-14 17:45:00,15,675,1,"Null: Green v Green 2","null",1
5,1,0,0,0,0,1,1,0.000560394893961737,2018-06-20 13:45:00,2018-06-20 14:00:00,15,0,1,"Null: UV v UV","null",3
5,2,3,7,10,0,-1,1,0.000560394893961737,2018-06-20 14:00:00,2018-06-20 14:15:00,15,15,1,"Null: UV v UV","null",3
5,3,6,2,8,10,1,2,0.000560394893961737,2018-06-20 14:15:00,2018-06-20 14:30:00,15,30,1,"Null: UV v UV","null",3
5,4,3,4,7,18,-1,2,0.000560394893961737,2018-06-20 14:30:00,2018-06-20 14:45:00,15,45,1,"Null: UV v UV","null",3
5,5,5,2,7,25,1,3,0.000560394893961737,2018-06-20 14:45:00,2018-06-20 15:00:00,15,60,1,"Null: UV v UV","null",3
5,6,1,1,2,32,-1,3,0.000560394893961737,2018-06-20 15:00:00,2018-06-20 15:15:00,15,75,1,"Null: UV v UV","null",3
5,7,4,3,7,34,1,4,0.000560394893961737,2018-06-20 15:15:00,2018-06-20 15:30:00,15,90,1,"Null: UV v UV","null",3
5,8,1,6,7,41,-1,4,0.000560394893961737,2018-06-20 15:30:00,2018-06-20 15:45:00,15,105,1,"Null: UV v UV","null",3
5,9,4,1,5,48,1,5,0.000560394893961737,2018-06-20 15:45:00,2018-06-20 16:00:00,15,120,1,"Null: UV v UV","null",3
5,10,2,6,8,53,-1,5,0.000560394893961737,2018-06-20 16:00:00,2018-06-20 16:15:00,15,135,1,"Null: UV v UV","null",3
5,11,5,2,7,61,1,6,0.000560394893961737,2018-06-20 16:15:00,2018-06-20 16:30:00,15,150,1,"Null: UV v UV","null",3
5,12,3,5,8,68,-1,6,0.000560394893961737,2018-06-20 16:30:00,2018-06-20 16:45:00,15,165,1,"Null: UV v UV","null",3
5,13,3,3,6,76,1,7,0.000560394893961737,2018-06-20 16:45:00,2018-06-20 17:00:00,15,180,1,"Null: UV v UV","null",3
5,14,4,3,7,82,-1,7,0.000560394893961737,2018-06-20 17:00:00,2018-06-20 17:15:00,15,195,1,"Null: UV v UV","null",3
5,15,4,3,7,89,1,8,0.000560394893961737,2018-06-20 17:15:00,2018-06-20 17:30:00,15,210,1,"Null: UV v UV","null",3
5,16,2,7,9,96,-1,8,0.000560394893961737,2018-06-20 17:30:00,2018-06-20 17:45:00,15,225,1,"Null: UV v UV","null",3
6,1,3,4,7,0,1,1,0.000973422900681097,2018-06-20 06:30:00,2018-06-20 06:45:00,15,0,1,"Null: Red v Red","null",2
6,2,3,4,7,7,-1,1,0.000973422900681097,2018-06-20 06:45:00,2018-06-20 07:00:00,15,15,1,"Null: Red v Red","null",2
6,3,3,2,5,14,1,2,0.000973422900681097,2018-06-20 07:00:00,2018-06-20 07:15:00,15,30,1,"Null: Red v Red","null",2
6,4,1,3,4,19,-1,2,0.000973422900681097,2018-06-20 07:15:00,2018-06-20 07:30:00,15,45,1,"Null: Red v Red","null",2
6,5,3,2,5,23,1,3,0.000973422900681097,2018-06-20 07:30:00,2018-06-20 07:45:00,15,60,1,"Null: Red v Red","null",2
6,6,4,8,12,28,-1,3,0.000973422900681097,2018-06-20 07:45:00,2018-06-20 08:00:00,15,75,1,"Null: Red v Red","null",2
6,7,4,4,8,40,1,4,0.000973422900681097,2018-06-20 08:00:00,2018-06-20 08:15:00,15,90,1,"Null: Red v Red","null",2
6,8,2,3,5,48,-1,4,0.000973422900681097,2018-06-20 08:15:00,2018-06-20 08:30:00,15,105,1,"Null: Red v Red","null",2
6,9,7,6,13,53,1,5,0.000973422900681097,2018-06-20 08:30:00,2018-06-20 08:45:00,15,120,1,"Null: Red v Red","null",2
6,10,4,7,11,66,-1,5,0.000973422900681097,2018-06-20 08:45:00,2018-06-20 09:00:00,15,135,1,"Null: Red v Red","null",2
6,11,7,2,9,77,1,6,0.000973422900681097,2018-06-20 09:00:00,2018-06-20 09:15:00,15,150,1,"Null: Red v Red","null",2
6,12,5,8,13,86,-1,6,0.000973422900681097,2018-06-20 09:15:00,2018-06-20 09:30:00,15,165,1,"Null: Red v Red","null",2
6,13,3,3,6,99,1,7,0.000973422900681097,2018-06-20 09:30:00,2018-06-20 09:45:00,15,180,1,"Null: Red v Red","null",2
6,14,2,7,9,105,-1,7,0.000973422900681097,2018-06-20 09:45:00,2018-06-20 10:00:00,15,195,1,"Null: Red v Red","null",2
6,15,4,3,7,114,1,8,0.000973422900681097,2018-06-20 10:00:00,2018-06-20 10:15:00,15,210,1,"Null: Red v Red","null",2
6,16,5,6,11,121,-1,8,0.000973422900681097,2018-06-20 10:15:00,2018-06-20 10:30:00,15,225,1,"Null: Red v Red","null",2
6,17,3,3,6,132,1,9,0.000973422900681097,2018-06-20 10:30:00,2018-06-20 10:45:00,15,240,1,"Null: Red v Red","null",2
6,18,5,7,12,138,-1,9,0.000973422900681097,2018-06-20 10:45:00,2018-06-20 11:00:00,15,255,1,"Null: Red v Red","null",2
6,19,4,2,6,150,1,10,0.000973422900681097,2018-06-20 11:00:00,2018-06-20 11:15:00,15,270,1,"Null: Red v Red","null",2
6,20,4,3,7,156,-1,10,0.000973422900681097,2018-06-20 11:15:00,2018-06-20 11:30:00,15,285,1,"Null: Red v Red","null",2
6,21,3,2,5,163,1,11,0.000973422900681097,2018-06-20 12:00:00,2018-06-20 12:15:00,15,300,1,"Null: Red v Red","null",2
6,22,3,7,10,168,-1,11,0.000973422900681097,2018-06-20 12:15:00,2018-06-20 12:30:00,15,315,1,"Null: Red v Red","null",2
6,23,6,2,8,178,1,12,0.000973422900681097,2018-06-20 12:30:00,2018-06-20 12:45:00,15,330,1,"Null: Red v Red","null",2
6,24,2,4,6,186,-1,12,0.000973422900681097,2018-06-20 12:45:00,2018-06-20 13:00:00,15,345,1,"Null: Red v Red","null",2
6,25,3,2,5,192,1,13,0.000973422900681097,2018-06-20 13:00:00,2018-06-20 13:15:00,15,360,1,"Null: Red v Red","null",2
7,1,17,8,25,0,1,1,0.308956673665032,2016-06-20 06:23:00,2016-06-20 06:32:00,9,0,0,"UV^72+Red^26 v UV","nonspectral",2
7,2,15,10,25,25,-1,1,0.308956673665032,2016-06-20 06:32:00,2016-06-20 06:48:00,16,9,0,"UV^72+Red^26 v UV","nonspectral",2
7,3,16,9,25,50,1,2,0.308956673665032,2016-06-20 06:48:00,2016-06-20 07:01:00,13,25,0,"UV^72+Red^26 v UV","nonspectral",2
7,4,15,10,25,75,-1,2,0.308956673665032,2016-06-20 07:01:00,2016-06-20 07:20:00,19,38,0,"UV^72+Red^26 v UV","nonspectral",2
7,5,14,11,25,100,1,3,0.308956673665032,2016-06-20 07:20:00,2016-06-20 07:30:00,10,57,0,"UV^72+Red^26 v UV","nonspectral",2
7,6,12,13,25,125,-1,3,0.308956673665032,2016-06-20 07:30:00,2016-06-20 07:45:00,15,67,0,"UV^72+Red^26 v UV","nonspectral",2
7,7,15,10,25,150,1,4,0.308956673665032,2016-06-20 07:45:00,2016-06-20 07:50:00,5,82,0,"UV^72+Red^26 v UV","nonspectral",2
7,8,13,12,25,175,-1,4,0.308956673665032,2016-06-20 07:50:00,2016-06-20 08:00:00,10,87,0,"UV^72+Red^26 v UV","nonspectral",2
7,9,15,10,25,200,1,5,0.308956673665032,2016-06-20 08:00:00,2016-06-20 08:10:00,10,97,0,"UV^72+Red^26 v UV","nonspectral",2
7,10,17,8,25,225,-1,5,0.308956673665032,2016-06-20 08:10:00,2016-06-20 08:23:00,13,107,0,"UV^72+Red^26 v UV","nonspectral",2
7,11,15,10,25,250,1,6,0.308956673665032,2016-06-20 08:23:00,2016-06-20 08:38:00,15,120,0,"UV^72+Red^26 v UV","nonspectral",2
7,12,16,9,25,275,-1,6,0.308956673665032,2016-06-20 08:38:00,2016-06-20 08:48:00,10,135,0,"UV^72+Red^26 v UV","nonspectral",2
7,13,13,12,25,300,1,7,0.308956673665032,2016-06-20 08:48:00,2016-06-20 09:10:00,22,145,0,"UV^72+Red^26 v UV","nonspectral",2
7,14,15,10,25,325,-1,7,0.308956673665032,2016-06-20 09:10:00,2016-06-20 09:18:00,8,167,0,"UV^72+Red^26 v UV","nonspectral",2
7,15,16,9,25,350,1,8,0.308956673665032,2016-06-20 09:18:00,2016-06-20 09:40:00,22,175,0,"UV^72+Red^26 v UV","nonspectral",2
7,16,18,7,25,375,-1,8,0.308956673665032,2016-06-20 09:40:00,2016-06-20 10:02:00,22,197,0,"UV^72+Red^26 v UV","nonspectral",2
7,17,15,11,26,400,1,9,0.308956673665032,2016-06-20 10:02:00,2016-06-20 10:18:00,16,219,0,"UV^72+Red^26 v UV","nonspectral",2
7,18,19,6,25,426,-1,9,0.308956673665032,2016-06-20 10:18:00,2016-06-20 10:31:00,13,235,0,"UV^72+Red^26 v UV","nonspectral",2
7,19,15,10,25,451,1,10,0.308956673665032,2016-06-20 10:31:00,2016-06-20 10:48:00,17,248,0,"UV^72+Red^26 v UV","nonspectral",2
7,20,18,7,25,476,-1,10,0.308956673665032,2016-06-20 10:48:00,2016-06-20 11:03:00,15,265,0,"UV^72+Red^26 v UV","nonspectral",2
8,1,13,12,25,0,1,1,0.876054292684176,2016-06-19 08:05:00,2016-06-19 08:14:00,9,0,0,"UV^72+Red^26 v Red","nonspectral",2
8,2,12,13,25,25,-1,1,0.876054292684176,2016-06-19 08:14:00,2016-06-19 08:22:00,8,9,0,"UV^72+Red^26 v Red","nonspectral",2
8,3,17,8,25,50,1,2,0.876054292684176,2016-06-19 08:22:00,2016-06-19 08:30:00,8,17,0,"UV^72+Red^26 v Red","nonspectral",2
8,4,17,8,25,75,-1,2,0.876054292684176,2016-06-19 08:30:00,2016-06-19 08:36:00,6,25,0,"UV^72+Red^26 v Red","nonspectral",2
8,5,14,11,25,100,1,3,0.876054292684176,2016-06-19 08:36:00,2016-06-19 08:46:00,10,31,0,"UV^72+Red^26 v Red","nonspectral",2
8,6,15,10,25,125,-1,3,0.876054292684176,2016-06-19 08:46:00,2016-06-19 09:02:00,16,41,0,"UV^72+Red^26 v Red","nonspectral",2
8,7,16,9,25,150,1,4,0.876054292684176,2016-06-19 09:02:00,2016-06-19 09:07:00,5,57,0,"UV^72+Red^26 v Red","nonspectral",2
8,8,16,9,25,175,-1,4,0.876054292684176,2016-06-19 09:07:00,2016-06-19 09:15:00,8,62,0,"UV^72+Red^26 v Red","nonspectral",2
8,9,16,9,25,200,1,5,0.876054292684176,2016-06-19 09:15:00,2016-06-19 09:25:00,10,70,0,"UV^72+Red^26 v Red","nonspectral",2
8,10,17,8,25,225,-1,5,0.876054292684176,2016-06-19 09:25:00,2016-06-19 09:37:00,12,80,0,"UV^72+Red^26 v Red","nonspectral",2
8,11,12,13,25,250,1,6,0.876054292684176,2016-06-19 09:37:00,2016-06-19 09:49:00,12,92,0,"UV^72+Red^26 v Red","nonspectral",2
8,12,13,12,25,275,-1,6,0.876054292684176,2016-06-19 09:49:00,2016-06-19 10:08:00,19,104,0,"UV^72+Red^26 v Red","nonspectral",2
8,13,15,10,25,300,1,7,0.876054292684176,2016-06-19 10:08:00,2016-06-19 10:22:00,14,123,0,"UV^72+Red^26 v Red","nonspectral",2
8,14,17,8,25,325,-1,7,0.876054292684176,2016-06-19 10:22:00,2016-06-19 10:34:00,12,137,0,"UV^72+Red^26 v Red","nonspectral",2
8,15,16,9,25,350,1,8,0.876054292684176,2016-06-19 10:34:00,2016-06-19 10:46:00,12,149,0,"UV^72+Red^26 v Red","nonspectral",2
8,16,18,7,25,375,-1,8,0.876054292684176,2016-06-19 10:46:00,2016-06-19 11:08:00,22,161,0,"UV^72+Red^26 v Red","nonspectral",2
8,17,17,8,25,400,1,9,0.876054292684176,2016-06-19 11:08:00,2016-06-19 11:23:00,15,183,0,"UV^72+Red^26 v Red","nonspectral",2
8,18,15,10,25,425,-1,9,0.876054292684176,2016-06-19 11:23:00,2016-06-19 11:38:00,15,198,0,"UV^72+Red^26 v Red","nonspectral",2
8,19,14,11,25,450,1,10,0.876054292684176,2016-06-19 11:38:00,2016-06-19 11:57:00,19,213,0,"UV^72+Red^26 v Red","nonspectral",2
8,20,17,8,25,475,-1,10,0.876054292684176,2016-06-19 11:57:00,2016-06-19 12:13:00,16,232,0,"UV^72+Red^26 v Red","nonspectral",2
8,21,17,8,25,500,1,11,0.876054292684176,2016-06-19 16:10:00,2016-06-19 16:40:00,30,248,0,"UV^72+Red^26 v Red","nonspectral",2
8,22,14,11,25,525,-1,11,0.876054292684176,2016-06-19 16:40:00,2016-06-19 16:59:00,19,278,0,"UV^72+Red^26 v Red","nonspectral",2
8,23,18,7,25,550,1,12,0.876054292684176,2016-06-19 16:59:00,2016-06-19 17:22:00,23,297,0,"UV^72+Red^26 v Red","nonspectral",2
8,24,17,8,25,575,-1,12,0.876054292684176,2016-06-19 17:22:00,2016-06-19 17:44:00,22,320,0,"UV^72+Red^26 v Red","nonspectral",2
8,25,14,11,25,600,1,13,0.876054292684176,2016-06-19 17:44:00,2016-06-19 18:00:00,16,342,0,"UV^72+Red^26 v Red","nonspectral",2
8,26,15,10,25,625,-1,13,0.876054292684176,2016-06-19 18:46:00,2016-06-19 19:01:00,15,358,0,"UV^72+Red^26 v Red","nonspectral",2
8,27,17,8,25,650,1,14,0.876054292684176,2016-06-19 19:01:00,2016-06-19 19:15:00,14,373,0,"UV^72+Red^26 v Red","nonspectral",2
8,28,15,5,20,675,-1,14,0.876054292684176,2016-06-19 19:15:00,2016-06-19 19:32:00,17,387,0,"UV^72+Red^26 v Red","nonspectral",2
9,1,20,5,25,0,1,1,0.305240023981047,2017-06-16 14:25:00,2017-06-16 14:52:00,27,0,0,"Red v UV^25+Red^72","nonspectral",2
9,2,7,18,25,25,-1,1,0.305240023981047,2017-06-16 14:52:00,2017-06-16 15:05:00,13,27,0,"Red v UV^25+Red^72","nonspectral",2
9,3,18,7,25,50,1,2,0.305240023981047,2017-06-16 15:05:00,2017-06-16 15:34:00,29,40,0,"Red v UV^25+Red^72","nonspectral",2
9,4,10,15,25,75,-1,2,0.305240023981047,2017-06-16 15:34:00,2017-06-16 15:58:00,24,69,0,"Red v UV^25+Red^72","nonspectral",2
9,5,19,6,25,100,1,3,0.305240023981047,2017-06-16 15:58:00,2017-06-16 16:22:00,24,93,0,"Red v UV^25+Red^72","nonspectral",2
9,6,10,15,25,125,-1,3,0.305240023981047,2017-06-16 16:22:00,2017-06-16 16:54:00,32,117,0,"Red v UV^25+Red^72","nonspectral",2
9,7,15,10,25,150,1,4,0.305240023981047,2017-06-16 16:54:00,2017-06-16 17:12:00,18,149,0,"Red v UV^25+Red^72","nonspectral",2
9,8,16,9,25,175,-1,4,0.305240023981047,2017-06-16 17:12:00,2017-06-16 17:39:00,27,167,0,"Red v UV^25+Red^72","nonspectral",2
9,9,17,8,25,200,1,5,0.305240023981047,2017-06-16 17:39:00,2017-06-16 18:03:00,24,194,0,"Red v UV^25+Red^72","nonspectral",2
9,10,15,10,25,225,-1,5,0.305240023981047,2017-06-16 18:03:00,2017-06-16 18:25:00,22,218,0,"Red v UV^25+Red^72","nonspectral",2
9,11,16,9,25,250,1,6,0.305240023981047,2017-06-16 19:05:00,2017-06-16 19:21:00,16,240,0,"Red v UV^25+Red^72","nonspectral",2
9,12,15,10,25,275,-1,6,0.305240023981047,2017-06-16 19:21:00,2017-06-16 19:36:00,15,256,0,"Red v UV^25+Red^72","nonspectral",2
9,13,17,8,25,300,1,7,0.305240023981047,2017-06-16 19:36:00,2017-06-16 19:50:00,14,271,0,"Red v UV^25+Red^72","nonspectral",2
10,1,8,4,12,0,1,1,0.146858224054778,2018-06-18 08:15:00,2018-06-18 08:30:00,15,0,1,"UV^13+Red^85 v Red","nonspectral",2
10,2,10,6,16,12,-1,1,0.146858224054778,2018-06-18 08:30:00,2018-06-18 08:45:00,15,15,1,"UV^13+Red^85 v Red","nonspectral",2
10,3,7,2,9,28,1,2,0.146858224054778,2018-06-18 08:45:00,2018-06-18 09:00:00,15,30,1,"UV^13+Red^85 v Red","nonspectral",2
10,4,8,4,12,37,-1,2,0.146858224054778,2018-06-18 09:00:00,2018-06-18 09:15:00,15,45,1,"UV^13+Red^85 v Red","nonspectral",2
10,5,7,1,8,49,1,3,0.146858224054778,2018-06-18 09:15:00,2018-06-18 09:30:00,15,60,1,"UV^13+Red^85 v Red","nonspectral",2
10,6,6,5,11,57,-1,3,0.146858224054778,2018-06-18 09:30:00,2018-06-18 09:45:00,15,75,1,"UV^13+Red^85 v Red","nonspectral",2
10,7,5,2,7,68,1,4,0.146858224054778,2018-06-18 09:45:00,2018-06-18 10:00:00,15,90,1,"UV^13+Red^85 v Red","nonspectral",2
10,8,3,3,6,75,-1,4,0.146858224054778,2018-06-18 10:00:00,2018-06-18 10:15:00,15,105,1,"UV^13+Red^85 v Red","nonspectral",2
10,9,6,0,6,81,1,5,0.146858224054778,2018-06-18 10:15:00,2018-06-18 10:30:00,15,120,1,"UV^13+Red^85 v Red","nonspectral",2
10,10,4,3,7,87,-1,5,0.146858224054778,2018-06-18 10:30:00,2018-06-18 10:45:00,15,135,1,"UV^13+Red^85 v Red","nonspectral",2
10,11,6,2,8,94,1,6,0.146858224054778,2018-06-18 10:45:00,2018-06-18 11:00:00,15,150,1,"UV^13+Red^85 v Red","nonspectral",2
10,12,2,5,7,102,-1,6,0.146858224054778,2018-06-18 11:00:00,2018-06-18 11:15:00,15,165,1,"UV^13+Red^85 v Red","nonspectral",2
10,13,5,1,6,109,1,7,0.146858224054778,2018-06-18 11:15:00,2018-06-18 11:30:00,15,180,1,"UV^13+Red^85 v Red","nonspectral",2
10,14,9,2,11,115,-1,7,0.146858224054778,2018-06-18 11:30:00,2018-06-18 11:45:00,15,195,1,"UV^13+Red^85 v Red","nonspectral",2
10,15,4,1,5,126,1,8,0.146858224054778,2018-06-18 11:45:00,2018-06-18 12:00:00,15,210,1,"UV^13+Red^85 v Red","nonspectral",2
10,16,6,1,7,131,-1,8,0.146858224054778,2018-06-18 12:00:00,2018-06-18 12:15:00,15,225,1,"UV^13+Red^85 v Red","nonspectral",2
10,17,6,0,6,138,1,9,0.146858224054778,2018-06-18 12:15:00,2018-06-18 12:30:00,15,240,1,"UV^13+Red^85 v Red","nonspectral",2
10,18,3,5,8,144,-1,9,0.146858224054778,2018-06-18 12:30:00,2018-06-18 12:45:00,15,255,1,"UV^13+Red^85 v Red","nonspectral",2
10,19,4,3,7,152,1,10,0.146858224054778,2018-06-18 12:45:00,2018-06-18 13:00:00,15,270,1,"UV^13+Red^85 v Red","nonspectral",2
10,20,5,4,9,159,-1,10,0.146858224054778,2018-06-18 13:00:00,2018-06-18 13:15:00,15,285,1,"UV^13+Red^85 v Red","nonspectral",2
10,21,11,1,12,168,1,11,0.146858224054778,2018-06-18 13:15:00,2018-06-18 13:30:00,15,300,1,"UV^13+Red^85 v Red","nonspectral",2
10,22,4,2,6,180,-1,11,0.146858224054778,2018-06-18 13:30:00,2018-06-18 13:45:00,15,315,1,"UV^13+Red^85 v Red","nonspectral",2
10,23,3,0,3,186,1,12,0.146858224054778,2018-06-18 13:45:00,2018-06-18 14:00:00,15,330,1,"UV^13+Red^85 v Red","nonspectral",2
10,24,7,3,10,189,-1,12,0.146858224054778,2018-06-18 14:00:00,2018-06-18 14:15:00,15,345,1,"UV^13+Red^85 v Red","nonspectral",2
10,25,7,1,8,199,1,13,0.146858224054778,2018-06-18 14:15:00,2018-06-18 14:30:00,15,360,1,"UV^13+Red^85 v Red","nonspectral",2
10,26,2,1,3,207,-1,13,0.146858224054778,2018-06-18 14:30:00,2018-06-18 14:45:00,15,375,1,"UV^13+Red^85 v Red","nonspectral",2
10,27,2,4,6,210,1,14,0.146858224054778,2018-06-18 14:45:00,2018-06-18 15:00:00,15,390,1,"UV^13+Red^85 v Red","nonspectral",2
10,28,3,1,4,216,-1,14,0.146858224054778,2018-06-18 15:00:00,2018-06-18 15:15:00,15,405,1,"UV^13+Red^85 v Red","nonspectral",2
10,29,7,1,8,220,1,15,0.146858224054778,2018-06-18 15:15:00,2018-06-18 15:30:00,15,420,1,"UV^13+Red^85 v Red","nonspectral",2
10,30,3,3,6,228,-1,15,0.146858224054778,2018-06-18 15:30:00,2018-06-18 15:45:00,15,435,1,"UV^13+Red^85 v Red","nonspectral",2
10,31,5,3,8,234,1,16,0.146858224054778,2018-06-18 15:45:00,2018-06-18 16:00:00,15,450,1,"UV^13+Red^85 v Red","nonspectral",2
10,32,7,3,10,242,-1,16,0.146858224054778,2018-06-18 16:00:00,2018-06-18 16:15:00,15,465,1,"UV^13+Red^85 v Red","nonspectral",2
10,33,5,3,8,252,1,17,0.146858224054778,2018-06-18 16:15:00,2018-06-18 16:30:00,15,480,1,"UV^13+Red^85 v Red","nonspectral",2
10,34,6,2,8,260,-1,17,0.146858224054778,2018-06-18 16:30:00,2018-06-18 16:45:00,15,495,1,"UV^13+Red^85 v Red","nonspectral",2
11,1,19,6,25,0,1,1,0.620437437976883,2017-06-19 15:11:00,2017-06-19 15:57:00,46,0,0,"UV^75+Red^22 v UV^23+Red^71","nonspectral",2
11,2,13,12,25,25,-1,1,0.620437437976883,2017-06-19 15:57:00,2017-06-19 16:36:00,39,46,0,"UV^75+Red^22 v UV^23+Red^71","nonspectral",2
11,3,16,9,25,50,1,2,0.620437437976883,2017-06-19 16:36:00,2017-06-19 17:04:00,28,85,0,"UV^75+Red^22 v UV^23+Red^71","nonspectral",2
11,4,14,11,25,75,-1,2,0.620437437976883,2017-06-19 17:04:00,2017-06-19 17:50:00,46,113,0,"UV^75+Red^22 v UV^23+Red^71","nonspectral",2
11,5,15,10,25,100,1,3,0.620437437976883,2017-06-19 17:50:00,2017-06-19 18:18:00,28,159,0,"UV^75+Red^22 v UV^23+Red^71","nonspectral",2
11,6,16,9,25,125,-1,3,0.620437437976883,2017-06-19 18:18:00,2017-06-19 18:57:00,39,187,0,"UV^75+Red^22 v UV^23+Red^71","nonspectral",2
11,7,14,11,25,150,1,4,0.620437437976883,2017-06-19 18:57:00,2017-06-19 19:29:00,32,226,0,"UV^75+Red^22 v UV^23+Red^71","nonspectral",2
11,8,17,8,25,175,-1,4,0.620437437976883,2017-06-19 19:29:00,2017-06-19 20:04:00,35,258,0,"UV^75+Red^22 v UV^23+Red^71","nonspectral",2
11,9,18,7,25,200,1,5,0.620437437976883,2017-06-19 20:04:00,2017-06-19 20:27:00,23,293,0,"UV^75+Red^22 v UV^23+Red^71","nonspectral",2
11,10,16,9,25,225,-1,5,0.620437437976883,2017-06-19 20:27:00,2017-06-19 20:46:00,19,316,0,"UV^75+Red^22 v UV^23+Red^71","nonspectral",2
12,1,15,10,25,0,1,1,0.4110489511811,2016-06-18 14:06:00,2016-06-18 14:31:00,25,0,0,"UV^59+Green^27 v UV","nonspectral",1
12,2,15,10,25,25,-1,1,0.4110489511811,2016-06-18 14:31:00,2016-06-18 14:58:00,27,25,0,"UV^59+Green^27 v UV","nonspectral",1
12,3,16,9,25,50,1,2,0.4110489511811,2016-06-18 14:58:00,2016-06-18 15:30:00,32,52,0,"UV^59+Green^27 v UV","nonspectral",1
12,4,15,10,25,75,-1,2,0.4110489511811,2016-06-18 15:30:00,2016-06-18 15:53:00,23,84,0,"UV^59+Green^27 v UV","nonspectral",1
12,5,13,12,25,100,1,3,0.4110489511811,2016-06-18 15:53:00,2016-06-18 16:17:00,24,107,0,"UV^59+Green^27 v UV","nonspectral",1
12,6,12,13,25,125,-1,3,0.4110489511811,2016-06-18 16:17:00,2016-06-18 16:33:00,16,131,0,"UV^59+Green^27 v UV","nonspectral",1
12,7,18,7,25,150,1,4,0.4110489511811,2016-06-18 16:33:00,2016-06-18 16:50:00,17,147,0,"UV^59+Green^27 v UV","nonspectral",1
12,8,16,9,25,175,-1,4,0.4110489511811,2016-06-18 16:50:00,2016-06-18 17:08:00,18,164,0,"UV^59+Green^27 v UV","nonspectral",1
12,9,15,10,25,200,1,5,0.4110489511811,2016-06-18 17:08:00,2016-06-18 17:24:00,16,182,0,"UV^59+Green^27 v UV","nonspectral",1
12,10,18,7,25,225,-1,5,0.4110489511811,2016-06-18 17:24:00,2016-06-18 17:46:00,22,198,0,"UV^59+Green^27 v UV","nonspectral",1
12,11,15,10,25,250,1,6,0.4110489511811,2016-06-18 17:46:00,2016-06-18 18:01:00,15,220,0,"UV^59+Green^27 v UV","nonspectral",1
12,12,15,10,25,275,-1,6,0.4110489511811,2016-06-18 18:01:00,2016-06-18 18:16:00,15,235,0,"UV^59+Green^27 v UV","nonspectral",1
12,13,15,10,25,300,1,7,0.4110489511811,2016-06-18 19:28:00,2016-06-18 19:42:00,14,250,0,"UV^59+Green^27 v UV","nonspectral",1
12,14,16,9,25,325,1,7,0.4110489511811,2016-06-18 19:42:00,2016-06-18 19:52:00,10,264,0,"UV^59+Green^27 v UV","nonspectral",1
12,15,15,10,25,350,1,8,0.4110489511811,2016-06-18 19:52:00,2016-06-18 19:59:00,7,274,0,"UV^59+Green^27 v UV","nonspectral",1
12,16,17,8,25,375,-1,8,0.4110489511811,2016-06-18 19:59:00,2016-06-18 20:07:00,8,281,0,"UV^59+Green^27 v UV","nonspectral",1
12,17,17,8,25,400,1,9,0.4110489511811,2016-06-18 20:07:00,2016-06-18 20:16:00,9,289,0,"UV^59+Green^27 v UV","nonspectral",1
12,18,16,9,25,425,-1,9,0.4110489511811,2016-06-18 20:16:00,2016-06-18 20:21:00,5,298,0,"UV^59+Green^27 v UV","nonspectral",1
12,19,15,10,25,450,1,10,0.4110489511811,2016-06-18 20:21:00,2016-06-18 20:26:00,5,303,0,"UV^59+Green^27 v UV","nonspectral",1
12,20,15,10,25,475,-1,10,0.4110489511811,2016-06-18 20:26:00,2016-06-18 20:32:00,6,308,0,"UV^59+Green^27 v UV","nonspectral",1
13,1,15,10,25,0,1,1,0.62982680105955,2016-06-18 06:12:00,2016-06-18 06:25:00,13,0,0,"UV^59+Green^27 v Green","nonspectral",1
13,2,12,13,25,25,-1,1,0.62982680105955,2016-06-18 06:25:00,2016-06-18 06:35:00,10,13,0,"UV^59+Green^27 v Green","nonspectral",1
13,3,14,11,25,50,1,2,0.62982680105955,2016-06-18 06:35:00,2016-06-18 06:44:00,9,23,0,"UV^59+Green^27 v Green","nonspectral",1
13,4,15,10,25,75,-1,2,0.62982680105955,2016-06-18 06:44:00,2016-06-18 06:54:00,10,32,0,"UV^59+Green^27 v Green","nonspectral",1
13,5,17,8,25,100,1,3,0.62982680105955,2016-06-18 06:54:00,2016-06-18 07:06:00,12,42,0,"UV^59+Green^27 v Green","nonspectral",1
13,6,15,10,25,125,-1,3,0.62982680105955,2016-06-18 07:06:00,2016-06-18 07:15:00,9,54,0,"UV^59+Green^27 v Green","nonspectral",1
13,7,19,6,25,150,1,4,0.62982680105955,2016-06-18 07:15:00,2016-06-18 07:25:00,10,63,0,"UV^59+Green^27 v Green","nonspectral",1
13,8,18,7,25,175,-1,4,0.62982680105955,2016-06-18 07:25:00,2016-06-18 07:35:00,10,73,0,"UV^59+Green^27 v Green","nonspectral",1
13,9,15,10,25,200,1,5,0.62982680105955,2016-06-18 07:35:00,2016-06-18 07:49:00,14,83,0,"UV^59+Green^27 v Green","nonspectral",1
13,10,18,7,25,225,-1,5,0.62982680105955,2016-06-18 07:49:00,2016-06-18 07:59:00,10,97,0,"UV^59+Green^27 v Green","nonspectral",1
13,11,19,6,25,250,1,6,0.62982680105955,2016-06-18 07:59:00,2016-06-18 08:09:00,10,107,0,"UV^59+Green^27 v Green","nonspectral",1
13,12,14,11,25,275,-1,6,0.62982680105955,2016-06-18 08:09:00,2016-06-18 08:20:00,11,117,0,"UV^59+Green^27 v Green","nonspectral",1
13,13,14,11,25,300,1,7,0.62982680105955,2016-06-18 08:20:00,2016-06-18 08:35:00,15,128,0,"UV^59+Green^27 v Green","nonspectral",1
13,14,13,12,25,325,-1,7,0.62982680105955,2016-06-18 08:35:00,2016-06-18 08:53:00,18,143,0,"UV^59+Green^27 v Green","nonspectral",1
13,15,18,7,25,350,1,8,0.62982680105955,2016-06-18 08:53:00,2016-06-18 09:01:00,8,161,0,"UV^59+Green^27 v Green","nonspectral",1
13,16,20,5,25,375,-1,8,0.62982680105955,2016-06-18 09:01:00,2016-06-18 09:17:00,16,169,0,"UV^59+Green^27 v Green","nonspectral",1
13,17,16,9,25,400,1,9,0.62982680105955,2016-06-18 09:17:00,2016-06-18 09:27:00,10,185,0,"UV^59+Green^27 v Green","nonspectral",1
13,18,17,8,25,425,-1,9,0.62982680105955,2016-06-18 09:27:00,2016-06-18 09:41:00,14,195,0,"UV^59+Green^27 v Green","nonspectral",1
13,19,15,10,25,450,1,10,0.62982680105955,2016-06-18 09:41:00,2016-06-18 09:55:00,14,209,0,"UV^59+Green^27 v Green","nonspectral",1
13,20,12,13,25,475,-1,10,0.62982680105955,2016-06-18 09:55:00,2016-06-18 10:04:00,9,223,0,"UV^59+Green^27 v Green","nonspectral",1
13,21,15,10,25,500,1,11,0.62982680105955,2016-06-18 10:04:00,2016-06-18 10:18:00,14,232,0,"UV^59+Green^27 v Green","nonspectral",1
13,22,16,8,24,525,-1,11,0.62982680105955,2016-06-18 10:18:00,2016-06-18 10:31:00,13,246,0,"UV^59+Green^27 v Green","nonspectral",1
13,23,17,8,25,549,1,12,0.62982680105955,2016-06-18 10:31:00,2016-06-18 10:43:00,12,259,0,"UV^59+Green^27 v Green","nonspectral",1
13,24,20,5,25,574,-1,12,0.62982680105955,2016-06-18 10:43:00,2016-06-18 11:00:00,17,271,0,"UV^59+Green^27 v Green","nonspectral",1
13,25,15,10,25,599,1,13,0.62982680105955,2016-06-18 11:00:00,2016-06-18 11:14:00,14,288,0,"UV^59+Green^27 v Green","nonspectral",1
13,26,19,6,25,624,-1,13,0.62982680105955,2016-06-18 11:14:00,2016-06-18 11:33:00,19,302,0,"UV^59+Green^27 v Green","nonspectral",1
13,27,16,9,25,649,1,14,0.62982680105955,2016-06-18 11:33:00,2016-06-18 11:48:00,15,321,0,"UV^59+Green^27 v Green","nonspectral",1
13,28,18,7,25,674,-1,14,0.62982680105955,2016-06-18 11:48:00,2016-06-18 12:06:00,18,336,0,"UV^59+Green^27 v Green","nonspectral",1
14,1,17,8,25,0,1,1,0.685123377524069,2016-06-21 11:13:00,2016-06-21 11:39:00,26,0,0,"UV^33+Green^44 v UV","nonspectral",1
14,2,19,6,25,25,-1,1,0.685123377524069,2016-06-21 11:39:00,2016-06-21 11:58:00,19,26,0,"UV^33+Green^44 v UV","nonspectral",1
14,3,16,9,25,50,1,2,0.685123377524069,2016-06-21 11:58:00,2016-06-21 12:13:00,15,45,0,"UV^33+Green^44 v UV","nonspectral",1
14,4,18,7,25,75,-1,2,0.685123377524069,2016-06-21 12:13:00,2016-06-21 12:23:00,10,60,0,"UV^33+Green^44 v UV","nonspectral",1
14,5,15,10,25,100,1,3,0.685123377524069,2016-06-21 12:35:00,2016-06-21 12:44:00,9,70,0,"UV^33+Green^44 v UV","nonspectral",1
14,6,19,6,25,125,-1,3,0.685123377524069,2016-06-21 12:44:00,2016-06-21 12:59:00,15,79,0,"UV^33+Green^44 v UV","nonspectral",1
14,7,18,7,25,150,1,4,0.685123377524069,2016-06-21 12:59:00,2016-06-21 13:17:00,18,94,0,"UV^33+Green^44 v UV","nonspectral",1
14,8,17,8,25,175,-1,4,0.685123377524069,2016-06-21 13:17:00,2016-06-21 13:22:00,5,112,0,"UV^33+Green^44 v UV","nonspectral",1
14,9,15,10,25,200,1,5,0.685123377524069,2016-06-21 13:22:00,2016-06-21 13:50:00,28,117,0,"UV^33+Green^44 v UV","nonspectral",1
14,10,18,7,25,225,-1,5,0.685123377524069,2016-06-21 13:50:00,2016-06-21 14:23:00,33,145,0,"UV^33+Green^44 v UV","nonspectral",1
15,1,13,12,25,0,1,1,0.353046653978497,2016-06-21 08:54:00,2016-06-21 09:07:00,13,0,0,"UV^33+Green^44 v Green","nonspectral",1
15,2,16,9,25,25,-1,1,0.353046653978497,2016-06-21 09:07:00,2016-06-21 09:22:00,15,13,0,"UV^33+Green^44 v Green","nonspectral",1
15,3,14,11,25,50,1,2,0.353046653978497,2016-06-21 09:22:00,2016-06-21 09:29:00,7,28,0,"UV^33+Green^44 v Green","nonspectral",1
15,4,17,8,25,75,-1,2,0.353046653978497,2016-06-21 09:29:00,2016-06-21 09:41:00,12,35,0,"UV^33+Green^44 v Green","nonspectral",1
15,5,15,10,25,100,1,3,0.353046653978497,2016-06-21 09:41:00,2016-06-21 09:56:00,15,47,0,"UV^33+Green^44 v Green","nonspectral",1
15,6,17,8,25,125,-1,3,0.353046653978497,2016-06-21 09:56:00,2016-06-21 10:08:00,12,62,0,"UV^33+Green^44 v Green","nonspectral",1
15,7,12,13,25,150,1,4,0.353046653978497,2016-06-21 10:08:00,2016-06-21 10:27:00,19,74,0,"UV^33+Green^44 v Green","nonspectral",1
15,8,16,9,25,175,-1,4,0.353046653978497,2016-06-21 10:27:00,2016-06-21 10:46:00,19,93,0,"UV^33+Green^44 v Green","nonspectral",1
15,9,15,10,25,200,1,5,0.353046653978497,2016-06-21 10:46:00,2016-06-21 11:01:00,15,112,0,"UV^33+Green^44 v Green","nonspectral",1
15,10,16,9,25,225,-1,5,0.353046653978497,2016-06-21 11:01:00,2016-06-21 11:13:00,12,127,0,"UV^33+Green^44 v Green","nonspectral",1
16,1,8,17,25,0,1,1,0.280718185106283,2016-06-21 06:00:00,2016-06-21 06:10:00,10,0,0,"UV^33+Green^44 v UV^59+Green^27","nonspectral",1
16,2,17,8,25,25,-1,1,0.280718185106283,2016-06-21 06:10:00,2016-06-21 06:20:00,10,10,0,"UV^33+Green^44 v UV^59+Green^27","nonspectral",1
16,3,15,10,25,50,1,2,0.280718185106283,2016-06-21 06:20:00,2016-06-21 06:30:00,10,20,0,"UV^33+Green^44 v UV^59+Green^27","nonspectral",1
16,4,15,10,25,75,-1,2,0.280718185106283,2016-06-21 06:30:00,2016-06-21 06:46:00,16,30,0,"UV^33+Green^44 v UV^59+Green^27","nonspectral",1
16,5,18,7,25,100,1,3,0.280718185106283,2016-06-21 06:46:00,2016-06-21 06:59:00,13,46,0,"UV^33+Green^44 v UV^59+Green^27","nonspectral",1
16,6,14,11,25,125,-1,3,0.280718185106283,2016-06-21 06:59:00,2016-06-21 07:16:00,17,59,0,"UV^33+Green^44 v UV^59+Green^27","nonspectral",1
16,7,15,10,25,150,1,4,0.280718185106283,2016-06-21 07:16:00,2016-06-21 07:26:00,10,76,0,"UV^33+Green^44 v UV^59+Green^27","nonspectral",1
16,8,17,8,25,175,-1,4,0.280718185106283,2016-06-21 07:26:00,2016-06-21 07:41:00,15,86,0,"UV^33+Green^44 v UV^59+Green^27","nonspectral",1
16,9,13,12,25,200,1,5,0.280718185106283,2016-06-21 07:41:00,2016-06-21 07:51:00,10,101,0,"UV^33+Green^44 v UV^59+Green^27","nonspectral",1
16,10,15,10,25,225,-1,5,0.280718185106283,2016-06-21 07:51:00,2016-06-21 08:03:00,12,111,0,"UV^33+Green^44 v UV^59+Green^27","nonspectral",1
16,11,15,10,25,250,1,6,0.280718185106283,2016-06-21 08:03:00,2016-06-21 08:18:00,15,123,0,"UV^33+Green^44 v UV^59+Green^27","nonspectral",1
16,12,16,9,25,275,-1,6,0.280718185106283,2016-06-21 08:18:00,2016-06-21 08:25:00,7,138,0,"UV^33+Green^44 v UV^59+Green^27","nonspectral",1
16,13,13,12,25,300,1,7,0.280718185106283,2016-06-21 08:25:00,2016-06-21 08:37:00,12,145,0,"UV^33+Green^44 v UV^59+Green^27","nonspectral",1
16,14,14,11,25,325,-1,7,0.280718185106283,2016-06-21 08:37:00,2016-06-21 08:54:00,17,157,0,"UV^33+Green^44 v UV^59+Green^27","nonspectral",1
17,1,4,2,6,0,1,1,0.598604426711606,2018-06-24 07:45:00,2018-06-24 08:00:00,15,0,1,"Purple v Red","nonspectral",NA
17,2,4,5,9,6,-1,1,0.598604426711606,2018-06-24 08:00:00,2018-06-24 08:15:00,15,15,1,"Purple v Red","nonspectral",NA
17,3,5,0,5,15,1,2,0.598604426711606,2018-06-24 08:15:00,2018-06-24 08:30:00,15,30,1,"Purple v Red","nonspectral",NA
17,4,2,1,3,20,-1,2,0.598604426711606,2018-06-24 08:30:00,2018-06-24 08:45:00,15,45,1,"Purple v Red","nonspectral",NA
17,5,4,1,5,23,1,3,0.598604426711606,2018-06-24 08:45:00,2018-06-24 09:00:00,15,60,1,"Purple v Red","nonspectral",NA
17,6,5,3,8,28,-1,3,0.598604426711606,2018-06-24 09:00:00,2018-06-24 09:15:00,15,75,1,"Purple v Red","nonspectral",NA
17,7,5,1,6,36,1,4,0.598604426711606,2018-06-24 09:15:00,2018-06-24 09:30:00,15,90,1,"Purple v Red","nonspectral",NA
17,8,3,4,7,42,-1,4,0.598604426711606,2018-06-24 09:30:00,2018-06-24 09:45:00,15,105,1,"Purple v Red","nonspectral",NA
17,9,4,0,4,49,1,5,0.598604426711606,2018-06-24 09:45:00,2018-06-24 10:00:00,15,120,1,"Purple v Red","nonspectral",NA
17,10,0,3,3,53,-1,5,0.598604426711606,2018-06-24 10:00:00,2018-06-24 10:15:00,15,135,1,"Purple v Red","nonspectral",NA
17,11,6,3,9,56,1,6,0.598604426711606,2018-06-24 10:15:00,2018-06-24 10:30:00,15,150,1,"Purple v Red","nonspectral",NA
17,12,2,3,5,65,-1,6,0.598604426711606,2018-06-24 10:30:00,2018-06-24 10:45:00,15,165,1,"Purple v Red","nonspectral",NA
17,13,7,1,8,70,1,7,0.598604426711606,2018-06-24 10:45:00,2018-06-24 11:00:00,15,180,1,"Purple v Red","nonspectral",NA
17,14,1,6,7,78,-1,7,0.598604426711606,2018-06-24 11:00:00,2018-06-24 11:15:00,15,195,1,"Purple v Red","nonspectral",NA
17,15,4,2,6,85,1,8,0.598604426711606,2018-06-24 11:15:00,2018-06-24 11:30:00,15,210,1,"Purple v Red","nonspectral",NA
17,16,2,2,4,91,-1,8,0.598604426711606,2018-06-24 11:30:00,2018-06-24 11:45:00,15,225,1,"Purple v Red","nonspectral",NA
17,17,3,0,3,95,1,9,0.598604426711606,2018-06-24 11:45:00,2018-06-24 12:00:00,15,240,1,"Purple v Red","nonspectral",NA
17,19,2,5,7,98,1,10,0.598604426711606,2018-06-24 12:15:00,2018-06-24 12:30:00,15,255,1,"Purple v Red","nonspectral",NA
17,20,2,1,3,105,-1,10,0.598604426711606,2018-06-24 12:30:00,2018-06-24 12:45:00,15,270,1,"Purple v Red","nonspectral",NA
17,21,2,1,3,108,1,11,0.598604426711606,2018-06-24 12:45:00,2018-06-24 13:00:00,15,285,1,"Purple v Red","nonspectral",NA
17,22,4,1,5,111,-1,11,0.598604426711606,2018-06-24 13:00:00,2018-06-24 13:15:00,15,300,1,"Purple v Red","nonspectral",NA
17,23,5,1,6,116,1,12,0.598604426711606,2018-06-24 13:15:00,2018-06-24 13:30:00,15,315,1,"Purple v Red","nonspectral",NA
17,24,3,1,4,122,-1,12,0.598604426711606,2018-06-24 13:30:00,2018-06-24 13:45:00,15,330,1,"Purple v Red","nonspectral",NA
17,25,0,1,1,126,1,13,0.598604426711606,2018-06-24 13:45:00,2018-06-24 14:00:00,15,345,1,"Purple v Red","nonspectral",NA
17,29,7,3,10,127,1,15,0.598604426711606,2018-06-24 14:45:00,2018-06-24 15:00:00,15,360,1,"Purple v Red","nonspectral",NA
17,30,1,3,4,137,-1,15,0.598604426711606,2018-06-24 15:00:00,2018-06-24 15:15:00,15,375,1,"Purple v Red","nonspectral",NA
17,31,1,0,1,141,1,16,0.598604426711606,2018-06-24 15:15:00,2018-06-24 15:30:00,15,390,1,"Purple v Red","nonspectral",NA
17,32,5,4,9,142,-1,16,0.598604426711606,2018-06-24 15:30:00,2018-06-24 15:45:00,15,405,1,"Purple v Red","nonspectral",NA
17,33,3,0,3,151,1,17,0.598604426711606,2018-06-24 15:45:00,2018-06-24 16:00:00,15,420,1,"Purple v Red","nonspectral",NA
17,34,0,2,2,154,-1,17,0.598604426711606,2018-06-24 16:00:00,2018-06-24 16:15:00,15,435,1,"Purple v Red","nonspectral",NA
17,35,8,1,9,156,1,18,0.598604426711606,2018-06-24 16:15:00,2018-06-24 16:30:00,15,450,1,"Purple v Red","nonspectral",NA
17,36,3,3,6,165,-1,18,0.598604426711606,2018-06-24 16:30:00,2018-06-24 16:45:00,15,465,1,"Purple v Red","nonspectral",NA
17,37,6,1,7,171,1,19,0.598604426711606,2018-06-24 16:45:00,2018-06-24 17:00:00,15,480,1,"Purple v Red","nonspectral",NA
17,38,1,2,3,178,-1,19,0.598604426711606,2018-06-24 17:00:00,2018-06-24 17:15:00,15,495,1,"Purple v Red","nonspectral",NA
17,39,3,0,3,181,1,20,0.598604426711606,2018-06-24 17:15:00,2018-06-24 17:30:00,15,510,1,"Purple v Red","nonspectral",NA
17,40,0,1,1,184,-1,20,0.598604426711606,2018-06-24 17:30:00,2018-06-24 17:45:00,15,525,1,"Purple v Red","nonspectral",NA
17,41,8,1,9,185,1,21,0.598604426711606,2018-06-24 17:45:00,2018-06-24 18:00:00,15,540,1,"Purple v Red","nonspectral",NA
18,1,4,2,6,0,1,1,0.511464859674808,2018-06-25 07:30:00,2018-06-25 07:45:00,15,0,1,"Blue v Purple","nonspectral",NA
18,2,4,3,7,6,-1,1,0.511464859674808,2018-06-25 07:45:00,2018-06-25 08:00:00,15,15,1,"Blue v Purple","nonspectral",NA
18,3,4,1,5,13,1,2,0.511464859674808,2018-06-25 08:00:00,2018-06-25 08:15:00,15,30,1,"Blue v Purple","nonspectral",NA
18,4,6,4,10,18,-1,2,0.511464859674808,2018-06-25 08:15:00,2018-06-25 08:30:00,15,45,1,"Blue v Purple","nonspectral",NA
18,5,6,1,7,28,1,3,0.511464859674808,2018-06-25 08:30:00,2018-06-25 08:45:00,15,60,1,"Blue v Purple","nonspectral",NA
18,6,2,2,4,35,-1,3,0.511464859674808,2018-06-25 08:45:00,2018-06-25 09:00:00,15,75,1,"Blue v Purple","nonspectral",NA
18,7,5,1,6,39,1,4,0.511464859674808,2018-06-25 09:00:00,2018-06-25 09:15:00,15,90,1,"Blue v Purple","nonspectral",NA
18,8,5,2,7,45,-1,4,0.511464859674808,2018-06-25 09:15:00,2018-06-25 09:30:00,15,105,1,"Blue v Purple","nonspectral",NA
18,9,4,1,5,52,1,5,0.511464859674808,2018-06-25 09:30:00,2018-06-25 09:45:00,15,120,1,"Blue v Purple","nonspectral",NA
18,10,6,3,9,57,-1,5,0.511464859674808,2018-06-25 09:45:00,2018-06-25 10:00:00,15,135,1,"Blue v Purple","nonspectral",NA
18,11,3,0,3,66,1,6,0.511464859674808,2018-06-25 10:00:00,2018-06-25 10:15:00,15,150,1,"Blue v Purple","nonspectral",NA
18,12,5,1,6,69,-1,6,0.511464859674808,2018-06-25 10:15:00,2018-06-25 10:30:00,15,165,1,"Blue v Purple","nonspectral",NA
18,13,5,1,6,75,1,7,0.511464859674808,2018-06-25 10:30:00,2018-06-25 10:45:00,15,180,1,"Blue v Purple","nonspectral",NA
18,14,4,5,9,81,-1,7,0.511464859674808,2018-06-25 10:45:00,2018-06-25 11:00:00,15,195,1,"Blue v Purple","nonspectral",NA
18,15,3,1,4,90,1,8,0.511464859674808,2018-06-25 11:00:00,2018-06-25 11:15:00,15,210,1,"Blue v Purple","nonspectral",NA
18,16,8,2,10,94,-1,8,0.511464859674808,2018-06-25 11:15:00,2018-06-25 11:30:00,15,225,1,"Blue v Purple","nonspectral",NA
18,17,3,1,4,104,1,9,0.511464859674808,2018-06-25 11:30:00,2018-06-25 11:45:00,15,240,1,"Blue v Purple","nonspectral",NA
18,18,1,2,3,108,-1,9,0.511464859674808,2018-06-25 13:45:00,2018-06-25 14:00:00,15,255,1,"Blue v Purple","nonspectral",NA
18,19,6,3,9,111,1,10,0.511464859674808,2018-06-25 14:00:00,2018-06-25 14:15:00,15,270,1,"Blue v Purple","nonspectral",NA
18,20,2,2,4,120,-1,10,0.511464859674808,2018-06-25 14:15:00,2018-06-25 14:30:00,15,285,1,"Blue v Purple","nonspectral",NA
18,21,3,1,4,124,1,11,0.511464859674808,2018-06-25 14:30:00,2018-06-25 14:45:00,15,300,1,"Blue v Purple","nonspectral",NA
18,22,0,5,5,128,-1,11,0.511464859674808,2018-06-25 14:45:00,2018-06-25 15:00:00,15,315,1,"Blue v Purple","nonspectral",NA
18,23,5,0,5,133,1,12,0.511464859674808,2018-06-25 15:00:00,2018-06-25 15:15:00,15,330,1,"Blue v Purple","nonspectral",NA
18,24,4,3,7,138,-1,12,0.511464859674808,2018-06-25 15:15:00,2018-06-25 15:30:00,15,345,1,"Blue v Purple","nonspectral",NA
18,25,5,3,8,145,1,13,0.511464859674808,2018-06-25 15:30:00,2018-06-25 15:45:00,15,360,1,"Blue v Purple","nonspectral",NA
19,1,2,0,2,0,1,1,0.216052240526673,2018-06-15 06:15:00,2018-06-15 06:30:00,15,0,1,"Yellow v UV^22+Yellow","nonspectral",NA
19,2,1,3,4,2,-1,1,0.216052240526673,2018-06-15 06:30:00,2018-06-15 06:45:00,15,15,1,"Yellow v UV^22+Yellow","nonspectral",NA
19,3,2,2,4,6,1,2,0.216052240526673,2018-06-15 06:45:00,2018-06-15 07:00:00,15,30,1,"Yellow v UV^22+Yellow","nonspectral",NA
19,4,3,2,5,10,-1,2,0.216052240526673,2018-06-15 07:00:00,2018-06-15 07:15:00,15,45,1,"Yellow v UV^22+Yellow","nonspectral",NA
19,5,4,1,5,15,1,3,0.216052240526673,2018-06-15 07:15:00,2018-06-15 07:30:00,15,60,1,"Yellow v UV^22+Yellow","nonspectral",NA
19,6,4,2,6,20,-1,3,0.216052240526673,2018-06-15 07:30:00,2018-06-15 07:45:00,15,75,1,"Yellow v UV^22+Yellow","nonspectral",NA
19,7,2,1,3,26,1,4,0.216052240526673,2018-06-15 07:45:00,2018-06-15 08:00:00,15,90,1,"Yellow v UV^22+Yellow","nonspectral",NA
19,8,3,2,5,29,-1,4,0.216052240526673,2018-06-15 08:00:00,2018-06-15 08:15:00,15,105,1,"Yellow v UV^22+Yellow","nonspectral",NA
19,9,4,1,5,34,1,5,0.216052240526673,2018-06-15 08:15:00,2018-06-15 08:30:00,15,120,1,"Yellow v UV^22+Yellow","nonspectral",NA
19,10,0,2,2,39,-1,5,0.216052240526673,2018-06-15 08:30:00,2018-06-15 08:45:00,15,135,1,"Yellow v UV^22+Yellow","nonspectral",NA
19,11,2,2,4,41,1,6,0.216052240526673,2018-06-15 08:45:00,2018-06-15 09:00:00,15,150,1,"Yellow v UV^22+Yellow","nonspectral",NA
19,12,1,4,5,45,-1,6,0.216052240526673,2018-06-15 09:00:00,2018-06-15 09:15:00,15,165,1,"Yellow v UV^22+Yellow","nonspectral",NA
19,13,4,3,7,50,1,7,0.216052240526673,2018-06-15 09:15:00,2018-06-15 09:30:00,15,180,1,"Yellow v UV^22+Yellow","nonspectral",NA
19,14,2,5,7,57,-1,7,0.216052240526673,2018-06-15 09:30:00,2018-06-15 09:45:00,15,195,1,"Yellow v UV^22+Yellow","nonspectral",NA
19,15,4,0,4,64,1,8,0.216052240526673,2018-06-15 09:45:00,2018-06-15 10:00:00,15,210,1,"Yellow v UV^22+Yellow","nonspectral",NA
19,16,1,3,4,68,-1,8,0.216052240526673,2018-06-15 10:00:00,2018-06-15 10:15:00,15,225,1,"Yellow v UV^22+Yellow","nonspectral",NA
19,17,4,3,7,72,1,9,0.216052240526673,2018-06-15 10:15:00,2018-06-15 10:30:00,15,240,1,"Yellow v UV^22+Yellow","nonspectral",NA
19,18,2,2,4,79,-1,9,0.216052240526673,2018-06-15 10:30:00,2018-06-15 10:45:00,15,255,1,"Yellow v UV^22+Yellow","nonspectral",NA
19,19,1,4,5,83,1,10,0.216052240526673,2018-06-15 10:45:00,2018-06-15 11:00:00,15,270,1,"Yellow v UV^22+Yellow","nonspectral",NA
19,20,2,3,5,88,-1,10,0.216052240526673,2018-06-15 11:00:00,2018-06-15 11:15:00,15,285,1,"Yellow v UV^22+Yellow","nonspectral",NA
19,21,7,2,9,93,1,11,0.216052240526673,2018-06-15 11:15:00,2018-06-15 11:30:00,15,300,1,"Yellow v UV^22+Yellow","nonspectral",NA
19,22,3,1,4,102,-1,11,0.216052240526673,2018-06-15 11:30:00,2018-06-15 11:45:00,15,315,1,"Yellow v UV^22+Yellow","nonspectral",NA
19,23,2,0,2,106,1,12,0.216052240526673,2018-06-15 11:45:00,2018-06-15 12:00:00,15,330,1,"Yellow v UV^22+Yellow","nonspectral",NA
19,24,0,5,5,108,-1,12,0.216052240526673,2018-06-15 12:00:00,2018-06-15 12:15:00,15,345,1,"Yellow v UV^22+Yellow","nonspectral",NA
19,25,2,2,4,113,1,13,0.216052240526673,2018-06-15 12:15:00,2018-06-15 12:30:00,15,360,1,"Yellow v UV^22+Yellow","nonspectral",NA
19,26,0,3,3,117,-1,13,0.216052240526673,2018-06-15 12:30:00,2018-06-15 12:45:00,15,375,1,"Yellow v UV^22+Yellow","nonspectral",NA
19,27,5,0,5,120,1,14,0.216052240526673,2018-06-15 12:45:00,2018-06-15 13:00:00,15,390,1,"Yellow v UV^22+Yellow","nonspectral",NA
19,28,1,5,6,125,-1,14,0.216052240526673,2018-06-15 13:00:00,2018-06-15 13:15:00,15,405,1,"Yellow v UV^22+Yellow","nonspectral",NA
19,29,4,3,7,131,1,15,0.216052240526673,2018-06-15 13:15:00,2018-06-15 13:30:00,15,420,1,"Yellow v UV^22+Yellow","nonspectral",NA
19,30,1,1,2,138,-1,15,0.216052240526673,2018-06-15 13:30:00,2018-06-15 13:45:00,15,435,1,"Yellow v UV^22+Yellow","nonspectral",NA
19,31,3,2,5,140,1,16,0.216052240526673,2018-06-15 13:45:00,2018-06-15 14:00:00,15,450,1,"Yellow v UV^22+Yellow","nonspectral",NA
19,32,3,2,5,145,-1,16,0.216052240526673,2018-06-15 14:00:00,2018-06-15 14:15:00,15,465,1,"Yellow v UV^22+Yellow","nonspectral",NA
19,33,2,2,4,150,1,17,0.216052240526673,2018-06-15 14:15:00,2018-06-15 14:30:00,15,480,1,"Yellow v UV^22+Yellow","nonspectral",NA
19,34,2,2,4,154,-1,17,0.216052240526673,2018-06-15 14:30:00,2018-06-15 14:45:00,15,495,1,"Yellow v UV^22+Yellow","nonspectral",NA
19,35,3,1,4,158,1,18,0.216052240526673,2018-06-15 14:45:00,2018-06-15 15:00:00,15,510,1,"Yellow v UV^22+Yellow","nonspectral",NA
19,36,7,4,11,162,-1,18,0.216052240526673,2018-06-15 15:00:00,2018-06-15 15:15:00,15,525,1,"Yellow v UV^22+Yellow","nonspectral",NA
19,37,7,2,9,173,1,19,0.216052240526673,2018-06-15 15:15:00,2018-06-15 15:30:00,15,540,1,"Yellow v UV^22+Yellow","nonspectral",NA
19,38,2,1,3,182,-1,19,0.216052240526673,2018-06-15 15:30:00,2018-06-15 15:45:00,15,555,1,"Yellow v UV^22+Yellow","nonspectral",NA
19,39,6,2,8,185,1,20,0.216052240526673,2018-06-15 15:45:00,2018-06-15 16:00:00,15,570,1,"Yellow v UV^22+Yellow","nonspectral",NA
19,40,1,2,3,193,-1,20,0.216052240526673,2018-06-15 16:00:00,2018-06-15 16:15:00,15,585,1,"Yellow v UV^22+Yellow","nonspectral",NA
19,41,5,0,5,196,1,21,0.216052240526673,2018-06-15 16:15:00,2018-06-15 16:30:00,15,600,1,"Yellow v UV^22+Yellow","nonspectral",NA
19,42,3,4,7,201,-1,21,0.216052240526673,2018-06-15 16:30:00,2018-06-15 16:45:00,15,615,1,"Yellow v UV^22+Yellow","nonspectral",NA
19,43,2,2,4,208,1,22,0.216052240526673,2018-06-15 16:45:00,2018-06-15 17:00:00,15,630,1,"Yellow v UV^22+Yellow","nonspectral",NA
19,44,1,1,2,212,-1,22,0.216052240526673,2018-06-15 17:00:00,2018-06-15 17:15:00,15,645,1,"Yellow v UV^22+Yellow","nonspectral",NA
19,45,2,0,2,214,1,23,0.216052240526673,2018-06-15 17:15:00,2018-06-15 17:30:00,15,660,1,"Yellow v UV^22+Yellow","nonspectral",NA
19,46,10,4,14,216,-1,23,0.216052240526673,2018-06-15 17:30:00,2018-06-15 17:45:00,15,675,1,"Yellow v UV^22+Yellow","nonspectral",NA
